margin,FAR,FRR,TAR
0.0,0.0,0.01613,0.98387
0.03,0.0,0.01613,0.98387
0.06,0.0,0.01613,0.98387
0.09,0.0,0.01613,0.98387
