margin,FAR,FRR,TAR
0.0,0.0,0.01087,0.98913
0.03,0.0,0.01087,0.98913
0.06,0.0,0.01087,0.98913
0.09,0.0,0.01087,0.98913
